title,company,location,link
Python Developer,Agama Solutions,,https://www.indeed.com/viewjob?jk=f6a64372a5851eec&from=web&vjs=3
Senior Python Developer,ShipHero,Remote,https://www.indeed.com/viewjob?jk=1ef36fc836615b49&from=web&vjs=3
,Getaround,Remote,https://www.indeed.com/viewjob?jk=d24b6ee2c763bec5&from=web&vjs=3
Python Backend Developer (Remote),Parlance,,https://www.indeed.com/viewjob?jk=c2437828c44a5ef9&from=web&vjs=3
Autonomy - Tesla Bot,Tesla,"Palo Alto, CA",https://www.indeed.com/viewjob?jk=202b3540ce94cdba&from=web&vjs=3
,Intone Networks,,https://www.indeed.com/viewjob?jk=c18da8e2bf42b412&from=web&vjs=3
Entry Level Business Analyst-Remote,Agama Solutions,,https://www.indeed.com/viewjob?jk=6f6a1c18da31655b&from=web&vjs=3
,Luxoft,,https://www.indeed.com/viewjob?jk=43cce086e1acd9a1&from=web&vjs=3
,Coderhouse,Remote,https://www.indeed.com/viewjob?jk=a26e18a7d57bd661&from=web&vjs=3
Python Engineer - Discovery,Outside Online,"Boulder, CO",https://www.indeed.com/viewjob?jk=6362e2e323331405&from=web&vjs=3
"Quantitative Researcher, Health",Facebook,,https://www.indeed.com/viewjob?jk=c1d22f8104bdd933&from=web&vjs=3
Remote Python Developer,Scopic,,https://www.indeed.com/viewjob?jk=2e09b91f0b2367e9&from=web&vjs=3
Quantum Computing Scientist,BASF,,https://www.indeed.com/viewjob?jk=09c76c2a34851606&from=web&vjs=3
Data Analyst,ZappyRide,Remote,https://www.indeed.com/viewjob?jk=63d734eccd29cdb8&from=web&vjs=3
,Pearson,,https://www.indeed.com/viewjob?jk=c888bec67b7f55e4&from=web&vjs=3
Content Creator,LeetCode,Remote,https://www.indeed.com/viewjob?jk=e94af63cb41ad9b5&from=web&vjs=3
Research Data Analyst,Daily Kos,Remote,https://www.indeed.com/viewjob?jk=5cf6da7c0b03f782&from=web&vjs=3
Backend Software and Python Engineer,Adaviv,Remote,https://www.indeed.com/viewjob?jk=911a6ff5e5a76fb5&from=web&vjs=3
Associate Data Quality Analyst,Major League Baseball,"New York, NY",https://www.indeed.com/viewjob?jk=2a8a8a8566d7cd6b&from=web&vjs=3
Software Developer â€“ Entry Level,Grant Street Group,Remote,https://www.indeed.com/viewjob?jk=aba0b0d814110143&from=web&vjs=3
,Piper Companies,"Raleigh, NC",https://www.indeed.com/viewjob?jk=ec57ed771ca2a5b8&from=web&vjs=3
Python Flask developer - contractor,RiskSpan,Remote,https://www.indeed.com/viewjob?jk=9222cebee6255b8b&from=web&vjs=3
Head of Credit,MainStreet,Remote,https://www.indeed.com/viewjob?jk=5fcb2acb4930fa93&from=web&vjs=3
,Apple,"Austin, TX",https://www.indeed.com/viewjob?jk=0abf9194f2d3f3ea&from=web&vjs=3
,Tesla,"Austin, TX",https://www.indeed.com/viewjob?jk=8d59c08c26231e1e&from=web&vjs=3
AWS Python Backend developer,Capgemini,"Houston, TX",https://www.indeed.com/viewjob?jk=311048a6d3fe7ddf&from=web&vjs=3
Mid-Level Python Developer,HEXACT,Remote,https://www.indeed.com/viewjob?jk=2ec1d9350e92985f&from=web&vjs=3
Backend Python Engineer!,Ambassador,,https://www.indeed.com/viewjob?jk=351715157483a254&from=web&vjs=3
,Procter & Gamble,,https://www.indeed.com/viewjob?jk=2330c6bfb64be0cd&from=web&vjs=3
"Senior Python Engineer - Remote, Full Time",Bluelight Consulting,,https://www.indeed.com/viewjob?jk=9a698878b37e8e50&from=web&vjs=3
Economic Research Assistant (Asian shift hours),Haver Analytics,"New York, NY",https://www.indeed.com/viewjob?jk=94e7075a99403893&from=web&vjs=3
GIS Developer Remote_US,Innovate! Inc,Remote,https://www.indeed.com/viewjob?jk=a252cdd7ab5a9624&from=web&vjs=3
,Infosys Limited,,https://www.indeed.com/viewjob?jk=1d0df82c808b4d78&from=web&vjs=3
,Boston Children's Hospital,"Boston, MA",https://www.indeed.com/viewjob?jk=7aebaa43440e4b05&from=web&vjs=3
"Analyst, East Region Store Analytics (Remote)",Neiman Marcus,,https://www.indeed.com/viewjob?jk=9a866580c6b96711&from=web&vjs=3
Business Python Developer,Fulton Management Services Inc,Remote,https://www.indeed.com/viewjob?jk=6211d1330bbf2742&from=web&vjs=3
Data Scientist - Analytics,Acorn Analytics,Remote,https://www.indeed.com/viewjob?jk=3d5724ad39c214bb&from=web&vjs=3
,United Airlines Inc.,,https://www.indeed.com/viewjob?jk=d14242ec827024e9&from=web&vjs=3
Junior Power Bi Report Developer- REMOTE,Learn On Demand,,https://www.indeed.com/viewjob?jk=0fddbab02b97b418&from=web&vjs=3
,GEICO,,https://www.indeed.com/viewjob?jk=1444b4b35140b641&from=web&vjs=3
Data Engineer,Democratic Data Exchange,Remote,https://www.indeed.com/viewjob?jk=8818671f003a6592&from=web&vjs=3
"Analyst, East Region Store Analytics (Remote)",Neiman Marcus,,https://www.indeed.com/viewjob?jk=9a866580c6b96711&from=web&vjs=3
Business Python Developer,Fulton Management Services Inc,Remote,https://www.indeed.com/viewjob?jk=6211d1330bbf2742&from=web&vjs=3
Data Scientist - Analytics,Acorn Analytics,Remote,https://www.indeed.com/viewjob?jk=3d5724ad39c214bb&from=web&vjs=3
,Amazon.com Services LLC,"Boulder, CO",https://www.indeed.com/viewjob?jk=68be90458a4faf91&from=web&vjs=3
,United Airlines Inc.,,https://www.indeed.com/viewjob?jk=d14242ec827024e9&from=web&vjs=3
Junior Power Bi Report Developer- REMOTE,Learn On Demand,,https://www.indeed.com/viewjob?jk=0fddbab02b97b418&from=web&vjs=3
Data Analyst- Field Reliability,Tesla,"Palo Alto, CA",https://www.indeed.com/viewjob?jk=c39a2a00c2cb05bc&from=web&vjs=3
,Snapchat,,https://www.indeed.com/viewjob?jk=b08c9314ea29275a&from=web&vjs=3
,GEICO,,https://www.indeed.com/viewjob?jk=1444b4b35140b641&from=web&vjs=3
2022 New College Grad: Junior Vulnerability Researcher,Raytheon Intelligence & Space,"Indialantic, FL",https://www.indeed.com/viewjob?jk=f120a029d0fd0f7e&from=web&vjs=3
Trust & Safety Analyst,Discord,,https://www.indeed.com/viewjob?jk=4fe82fdf39a7c054&from=web&vjs=3
"2022 Software Engineer (ES) - Goose Creek, SC",Textron Systems,,https://www.indeed.com/viewjob?jk=7e47920296954904&from=web&vjs=3
Quantitative Research Analyst,Man Group,,https://www.indeed.com/viewjob?jk=77818cde6e3f6fa1&from=web&vjs=3
,"Amazon Web Services, Inc.",Remote,https://www.indeed.com/viewjob?jk=a4450c84589b05b6&from=web&vjs=3
,Boston Children's Hospital,"Boston, MA",https://www.indeed.com/viewjob?jk=7aebaa43440e4b05&from=web&vjs=3
Data Engineer,Democratic Data Exchange,Remote,https://www.indeed.com/viewjob?jk=8818671f003a6592&from=web&vjs=3
,Siemens,,https://www.indeed.com/viewjob?jk=a9af2219aafd8fdc&from=web&vjs=3
"Analyst, East Region Store Analytics (Remote)",Neiman Marcus,,https://www.indeed.com/viewjob?jk=9a866580c6b96711&from=web&vjs=3
Business Python Developer,Fulton Management Services Inc,Remote,https://www.indeed.com/viewjob?jk=6211d1330bbf2742&from=web&vjs=3
Data Scientist - Analytics,Acorn Analytics,Remote,https://www.indeed.com/viewjob?jk=3d5724ad39c214bb&from=web&vjs=3
,United Airlines Inc.,,https://www.indeed.com/viewjob?jk=d14242ec827024e9&from=web&vjs=3
Junior Power Bi Report Developer- REMOTE,Learn On Demand,,https://www.indeed.com/viewjob?jk=0fddbab02b97b418&from=web&vjs=3
Data Analyst- Field Reliability,Tesla,"Palo Alto, CA",https://www.indeed.com/viewjob?jk=c39a2a00c2cb05bc&from=web&vjs=3
,Snapchat,,https://www.indeed.com/viewjob?jk=b08c9314ea29275a&from=web&vjs=3
